time,seconds_elapsed,altitude,speedAccuracy,bearingAccuracy,latitude,altitudeAboveMeanSeaLevel,bearing,horizontalAccuracy,verticalAccuracy,longitude,speed
1779786619999546000,-0.967453857421875,-22.027008056640625,1.0700000524520874,10.179631122943318,20.99022850861865,5.613399505615234,31.406009674072266,3.5402085792994584,4,105.94567224393221,3.430000066757202
1779786620999577000,0.0325771484375,-21.85369873046875,0.9100000262260437,9.04357429603156,20.99027695601898,5.786708831787109,31.22002410888672,3.5355339059327373,4,105.94568599025341,6.579999923706055
1779786621999612400,1.0326123046875,-22.30780029296875,2.0299999713897705,18.50547206551701,20.990334162508127,5.332607269287109,31.22002410888672,3.6761491597098175,4,105.94571884731384,7.050000190734863
1779786622999644000,2.032643798828125,-22.543060302734375,1.0099999904632568,7.379157940589709,20.990389524978575,5.097347259521484,31.22002410888672,3.5355339059327373,4,105.9457470105085,7.480000019073486
1779786623999673900,3.032673828125,-21.93060302734375,1.6699999570846558,13.96337663066467,20.9904572507562,5.709804534912109,31.22002410888672,3.6246219118597685,4,105.94578866856726,7.480000019073486
1779786624999704800,4.032704833984375,-21.95513916015625,2.059999942779541,16.72712815471935,20.990509302374896,5.685268402099609,31.188304901123047,3.633205175136139,4,105.94583015898796,7.730000019073486
1779786625999735300,5.0327353515625,-21.95513475779444,2.0599999429216624,16.727128154719345,20.99056735408313,5.68527280446142,31.188304901123047,4.4736054284740945,4.088025335404768,105.94587146227201,7.7300000190677665
1779786626999758800,6.0327587890625,-22.491969101130962,1.4600000383646694,7.604497834139494,20.99064385225805,5.148438461124897,31.188304901123047,4.652191916095135,3.490221684736934,105.94590526543308,8.029999732964777
1779786627999787300,7.032787353515625,-22.836329450830817,0.910000026576464,8.156129524719104,20.99068572015477,4.804078111425042,31.188304901123047,4.652191649518593,3.4902220400625383,105.94592999223603,8.029999732964777
1779786628999810800,8.032810791015624,-23.057583946734667,0.769999981173166,8.965320818710746,20.990719662097945,4.5828236155211926,31.188304901123047,4.652191340405656,3.49022245208575,105.94596415852129,6.199999809262189
1779786629999831300,9.032831298828125,-23.02081084717065,0.7500000002044281,9.283150011358964,20.99075842644419,4.619596715085208,31.188304901123047,4.6521910380515505,3.4902228550998964,105.94599821531345,5.570000171659239
1779786630999848400,10.032848388671875,-22.791990061290562,1.1000000239803482,12.898959096636267,20.990810566470294,4.848417500965297,31.188304901123047,4.652190744879806,3.4902232458746125,105.94601602669718,5.550000190732742
1779786631999876000,11.0328759765625,-22.840757152996957,1.1799999476766838,16.68337396289625,20.99084513991648,4.799650409258902,31.188304901123047,4.657717451535369,3.4828444085907293,105.94605035574925,5.550000190732748
1779786632999891700,12.0328916015625,-22.48846302740276,1.7100000382064517,27.09534677706224,20.990871778331538,5.151944534853101,31.188304901123047,4.7036606770333576,3.420542832376016,105.94607127001649,4.550000190733697
1779786633999910400,13.032910400390625,-23.01287747733295,1.190000057285879,19.85117301126585,20.990902479124024,4.62753008492291,31.188304901123047,4.693920619387062,3.4338966571057172,105.9460783248134,3.9700000286094546
1779786634999928000,14.032927978515625,-23.364684861153364,0.959999978574797,23.302532485670497,20.99091726692514,4.275722701102495,31.188304901123047,4.6771693263658936,3.4566781923243672,105.94607939800079,2.5099999904630605
1779786635999945700,15.03294580078125,-23.16912821121514,0.7900000214979997,19.92048918605774,20.99093440201529,4.471279351040721,31.188304901123047,4.655393131627792,3.485950634013857,105.94611024070005,2.5399999618528244
1779786636999961000,16.032961181640626,-23.259246616624296,0.8299999833491867,18.64489671704447,20.990960595555677,4.381160945631564,31.188304901123047,4.652189674325013,3.4902246728387802,105.94611656777194,2.5399999618528244
1779786637999976700,17.032976806640626,-23.436767232604325,0.7900000215089168,16.186720172493345,20.990985058466464,4.203640329651535,31.188304901123047,4.652189527137155,3.4902248690283844,105.94613117280177,2.8599998950955348
1779786638999992300,18.032992431640626,-23.321624480187893,1.5700000524748716,35.32334099090731,20.990994787178444,4.3187830820679665,31.188304901123047,4.665638454530721,3.472226208701418,105.94615888230108,2.700000047683473
1779786640000006100,19.033006103515625,-23.37704388704151,1.0399999619187847,17.985131179072543,20.991033031186554,4.26336367521435,31.431669235229492,4.664739300292488,3.4734340778393333,105.94617624196688,3.7200000286095913
1779786641000020500,20.0330205078125,-22.94152800180018,0.6800000072096078,15.702335109387082,20.991046197518145,4.69887956045568,31.431669235229492,4.65677631414321,3.4841026668029773,105.94619350469453,2.7999999523160124
1779786642000033800,21.03303369140625,-22.83288542367518,0.6899999976720165,24.237329250951287,20.991061072195976,4.80752213858068,31.431669235229492,4.66477589234628,3.4733849350415795,105.94620562572817,2.799999952316012
1779786643000046800,22.033046875,-23.266510081477463,0.8199999928648825,29.87503910886607,20.991067622896196,4.373897480778396,31.431669235229492,4.652382430561729,3.4899677294481357,105.94620491432512,1.700000047683655
1779786644000060700,23.033060791015625,-23.118316640146077,0.9200000167103819,28.8589733377458,20.99108500379837,4.522090922109783,27.421878141596128,4.652188785508914,3.490225857559068,105.94621376765402,1.98000001907339
1779786645000072200,24.033072265625,-23.364318917505443,1.0199999809405125,45.51985378015797,20.99109498247256,4.276088644750416,33.398440723980514,4.652188716285868,3.490225949827788,105.9462195296864,1.700000047683655
1779786646000084500,25.03308447265625,-20.956388438120484,1.9932831161763658,91.19309945167873,20.991105354462814,6.684019124135375,49.85593198391042,4.987907652036933,2.9908718273340056,105.9462061290877,1.3027942969870379
1779786647000095500,26.033095458984373,-21.063001819886267,1.9156224539393212,59.18972443143657,20.991125258272,6.577405742369592,35.874465067631455,4.955639527496944,3.044039077656315,105.94621563908906,1.7507200286527833
1779786648000106200,27.033106201171876,-21.067003180272877,1.8103315694854485,40.27291654751641,20.991150780918314,6.573404381982982,25.534369594050908,4.919953945059978,3.1013852084637255,105.9462231659576,2.1295982608502806
1779786649000118800,28.033118896484375,-20.964533038437366,1.9901476269784606,39.688084479231215,20.99116976743707,6.675874523818493,19.63556517357534,4.8984671960958215,3.1352122992808593,105.94622468046842,2.2506847193351294
1779786650000128800,29.033128662109377,-20.896458234637976,2.1426234754048075,64.34021758471783,20.991173534046098,6.743949327617884,17.492670785771438,4.8901854461457726,3.148114250641629,105.94623180543861,1.4877717796088055
1779786651000139300,30.03313916015625,-20.909723073244095,2.146525136605702,87.4402402745584,20.991185056904744,6.7306844890117645,2.5360981054215745,4.885298022716226,3.1556933092481874,105.94623214777907,1.0424943116525285
1779786652000149800,31.033149658203126,-20.805038566701114,2.0408136770389533,82.90864590639296,20.99118888655284,6.835368995554745,311.8884860147338,4.917342152249921,3.105524624036164,105.94621610291341,1.3439694431368958
1779786653000158200,32.033158203125,-20.73176597058773,1.9207001214196169,63.36253230150436,20.99120218115364,6.908641591668129,336.2853625140389,4.9145069031516755,3.110009474529518,105.94621313339447,1.4991745810612411
1779786654000169200,33.033169189453126,-20.70481477677822,2.0766183985807194,60.87365482268427,20.99122007865791,6.935592785477638,333.78384434602503,4.925378704624824,3.0927627857333526,105.94620331096279,1.770739312164638
1779786655000178000,34.033177978515624,-20.758577704429626,1.9083763647130685,33.69703241434311,20.991255461611498,6.881829857826233,316.89543530132755,4.959633251622802,3.0375277845949444,105.94616373002124,3.4968813923357573
1779786656000185900,35.033185791015626,-20.893798946402967,1.80729454519224,23.806008969524452,20.99127158185409,6.746608615852892,301.9855261214327,4.994439284401869,2.979951890083493,105.94611052069911,4.45155672844454
1779786657000195600,36.03319555664063,-20.90099604986608,1.3416809905227398,14.801151300521262,20.99130971579853,6.739411512389779,303.4673309156303,5.008459067669389,2.956327925022714,105.9460475355776,6.277706184803987
1779786658000204000,37.0332041015625,-21.026602589525282,1.5993719348443545,12.755754268688,20.991361834997548,6.613804972730577,302.8948295058336,5.014067079912653,2.9468064664862257,105.9459695922097,7.564256030199231
1779786659000213200,38.033213134765624,-20.99836292862892,1.457123665407576,10.54276276121495,20.99140796503301,6.642044633626938,301.415771484375,5.004315204016667,2.9633370330822086,105.9458975187863,8.437975393642159
1779786660000221700,39.0332216796875,-20.978513590060174,1.735453102673905,11.278218808646209,20.99144665396313,6.661893972195685,301.415771484375,5.020941566432982,2.935077992022418,105.9458204977118,8.729981161982515
1779786661000230400,40.03323046875,-21.057625638321042,1.8361787770144202,10.038968387889888,20.99148563420254,6.582781923934817,301.415771484375,4.990436642899877,2.986650154603153,105.94573940895764,9.05326731532196
1779786662000237800,41.03323779296875,-21.019487669691443,1.8361687457364329,10.073470741015583,20.991523781105858,6.620919892564416,301.415771484375,4.961811749820003,3.033967895699786,105.94566135117469,8.998381919220366
1779786663000246000,42.03324609375,-21.00081028137356,2.002721111137799,11.561595177491746,20.9915633285909,6.639597280882299,301.51092529296875,4.944048154246255,3.062829554722729,105.94559746442229,8.332931684240306
1779786664000255200,43.03325512695312,-20.983733848668635,1.8058859566214625,11.169328598995808,20.991604771582956,6.6566737135872245,301.7227783203125,4.930980498871487,3.0838236578212346,105.94553376604003,8.042158223650727
1779786665000262100,44.03326220703125,-20.867432263679802,1.7467785751150775,11.52487430295523,20.991643583870907,6.772975298576057,301.7227783203125,4.918307100258745,3.1039961823966946,105.94547080205994,7.650992207150502
1779786666000269800,45.03326977539062,-20.984304388985038,1.8159750463731559,14.571057010408136,20.99166787559767,6.656103173270822,301.7227783203125,4.917247927024461,3.1056738168974642,105.94542427024375,6.484212495545232
1779786667000278000,46.033278076171875,-21.11208974942565,1.7479500067843519,14.823037306385503,20.99169964484064,6.52831781283021,301.7227783203125,4.9249721937128506,3.093410080145221,105.9453648632014,6.652968696302881
1779786668000288800,47.033288818359374,-21.386771163903177,1.8748812254613665,19.909992212156347,20.991714833204,6.253636398352683,301.2237854003906,4.939776002664058,3.069714982908535,105.9453342841005,5.092753387552659
1779786669000291800,48.03329174804688,-21.50424155872315,1.8205175763613404,23.86271514961526,20.99172877100236,6.136166003532708,301.2237854003906,4.9608679827954125,3.035510812048644,105.94530623496121,4.182393354349265
1779786670000300000,49.033300048828124,-21.543463812209666,1.7166641580396031,27.589645736659783,20.991744295689983,6.096943750046194,301.2237854003906,4.966402613525928,3.0264471105822515,105.94527563728622,3.3955959105209947
1779786671000307200,50.03330712890625,-21.4990806132555,1.7263844784277718,29.385319139087265,20.991759325020332,6.141326949000359,301.2237854003906,4.95017514254313,3.052917144459858,105.945251753639,3.3215333818793717
1779786672000314000,51.03331420898437,-21.34948901180178,1.7333563449500216,30.792206485394935,20.991779754544815,6.29091855045408,302.255126953125,4.923008313152524,3.096534543876425,105.94522960457648,3.160748554387304
1779786673000321300,52.0333212890625,-21.188803375698626,1.6221857890422928,22.4524536099593,20.99180550953636,6.451604186557233,302.255126953125,4.903320677282644,3.1276162438063433,105.94518771359564,4.231799851559732
1779786674000328700,53.03332861328125,-21.047445219941437,2.0109458446253554,29.599330317938897,20.99181486529245,6.592962342314422,302.255126953125,4.934211689797357,3.0786510086490715,105.9451563602362,3.771658618745779
1779786675000335600,54.033335693359376,-20.910564026795328,1.9554446186415093,42.78691682033787,20.99182185738245,6.729843535460532,302.255126953125,4.9569452074652665,3.041912431838886,105.94514384028403,2.4236514879550257
1779786676000343300,55.03334326171875,-20.697426822036505,1.8637870334146645,51.19336649134049,20.99183392592294,6.942980740219355,302.255126953125,4.9731138938644,3.0154063128277913,105.94512583956505,2.03723502791496
1779786677000349200,56.03334912109375,-20.501730679534376,1.8370140311340633,55.42269206536422,20.991844947112508,7.138676882721484,302.2651672363281,4.970003493740994,3.020530136414989,105.9451145942578,1.841024474275807
1779786678000355800,57.03335595703125,-20.394880008883774,1.8552950648959479,69.17999099103017,20.9918501065659,7.245527553372085,302.2651672363281,5.021086246343201,2.9348304788474544,105.94510195500473,1.5204133443421262
1779786679000362800,58.03336279296875,-20.374620651826262,1.8016915415964503,64.94363178514004,20.991864028610156,7.265786910429597,302.2651672363281,5.06432982643947,2.8595629809158614,105.94509053454024,1.6319448792842013
1779786680000370400,59.033370361328124,-20.25262255780399,1.7942056009158043,67.27446004119176,20.991869873616874,7.387785004451871,302.2651672363281,5.074831276636223,2.84088446552541,105.94507538039667,1.459785820265793
1779786681000376300,60.033376220703126,-20.256096359342337,1.8889759237821928,81.33968267732267,20.991873572565193,7.384311202913523,302.2651672363281,5.048978568820267,2.886581445998447,105.9450693695201,1.2075430280017025
1779786682000384300,61.03338427734375,-20.284269431605935,1.8186943581947608,99.38355457941955,20.991880208264284,7.356138130649924,302.2651672363281,5.030167387106584,2.919238443580476,105.94505763411703,1.0209415843033902
1779786683000390400,62.03339038085937,-20.23876954242587,1.8277248992256108,114.05478138802245,20.991886213625225,7.4016380198299885,302.2651672363281,5.055472284171938,2.875193387714677,105.94504856939211,0.8919800910191007
1779786684000396300,63.033396240234374,-20.447411219589412,2.558710344300897,180,20.99187103905172,7.192996342666447,302.2651672363281,5.127700356329808,2.744307943450223,105.94503930801073,0.903725649960329
1779786685000403500,64.03340356445312,-20.83862736914307,2.1205778790730254,180,20.991874187695398,6.801780193112791,302.2651672363281,5.1204158833690805,2.7578756705352903,105.9450345513892,0.8325746792989119
1779786686000410600,65.03341064453124,-20.85094341263175,1.804774610946186,72.65866150360723,20.99188420468947,6.789464149624109,302.2651672363281,5.116778317294615,2.764618723161031,105.94502538835789,1.2636959448826885
1779786687000416500,66.03341650390625,-20.840061102062464,1.9659517888003135,69.71028915772024,20.991896380743036,6.800346460193396,291.76100579638575,5.04944588344342,2.885763902845334,105.94501421521451,1.4609132081308032
1779786688000423000,67.0334228515625,-20.896533492021263,1.0362986418502753,180,20.991900363568845,6.743874070234597,311.40393377421896,4.9810874392957745,3.0022166735395204,105.94501441840715,0
1779786689000430000,68.03343017578125,-20.601842822507024,1.6381784502799528,55.59650237412491,20.991926767334288,7.038564739748836,314.4115825812612,4.972515309040545,3.016393298982455,105.94498231043393,1.798254265505128
1779786690000456700,69.03345678710937,-20.47558063827455,1.6457642910511383,60.98160284850625,20.991944095503868,7.164826923981309,324.039076252857,4.963562439213421,3.031102925474249,105.94496773320031,1.7766185164991393
1779786691000443000,70.03344287109375,-20.3414570922032,2.109021664150052,47.14024865695182,20.991970743859873,7.2989504700526595,334.71183838092236,4.935123443235213,3.0771892422824845,105.94495626762345,2.354955024964305
1779786692000449000,71.03344897460937,-20.18509217724204,1.9721904997639834,28.721209396717537,20.99201094909868,7.455315385013819,8.854497769575481,4.914825337624741,3.1095062201948855,105.94496648375296,2.9785664178072397
1779786693000455700,72.03345556640625,-19.896967696025968,1.9752343933244405,23.192375139845083,20.99205222266776,7.743439866229892,347.88166851321785,4.888628978667733,3.150530707947299,105.94494213429365,3.8862275968201714
1779786694000461300,73.03346142578125,-19.806515844538808,2.011343784370375,21.10123819344039,20.992097535777905,7.8338917177170515,347.5161987389197,4.875645523315107,3.170586343843389,105.94493136194173,4.435524922246646
1779786695000468000,74.03346801757813,-19.7039662823081,2.0395904752391516,21.272142420294404,20.992140038779265,7.936441279947758,344.1365338135686,4.877938332188617,3.1670577292107827,105.94491489671725,4.543285495536684
1779786696000475000,75.03347485351563,-19.6207071878016,1.9756276502302839,26.031011250948602,20.99217283883866,8.01970037445426,337.0092590694027,4.8773334271937046,3.1679892160119083,105.94489604617397,3.8674400388589523
1779786697000483000,76.03348315429687,-19.516269388608634,2.569254119659779,34.40228311818028,20.992203796485555,8.124138173647225,325.98734504661917,4.997195517782678,3.058496189516409,105.94486534839237,3.9702145355579557
1779786698000487000,77.03348681640625,-19.40499760955572,2.576484999558918,49.29445297172294,20.99221675076679,8.235409952700138,321.34984303673116,5.587030514590963,2.9002599169386136,105.94485127151239,3.0439112249104094
1779786699000495900,78.03349584960938,-19.27124830055982,2.4435769058318932,42.209223646480886,20.99223463851573,8.36915926169604,312.24342155828464,6.158544163383791,2.753411610934343,105.94481779497112,3.4304805877320796
1779786700000500700,79.03350073242187,-19.139364678412676,2.8853910511173737,39.249518970800004,20.992238880920763,8.501042883843184,294.57914020946157,6.66594875759462,2.6869653060237235,105.94477304307493,3.627446925765104
1779786701000506400,80.03350634765626,-19.15526050515473,2.2830282555562036,17.372114657429627,20.992243416101363,8.48514705710113,281.32232614424294,5.647883399713427,2.8801094248199193,105.94469050391999,6.026406960782643
1779786702000513300,81.03351318359375,-19.061258810572326,1.9525730828958778,17.353614616084563,20.992241306269484,8.579148751683533,271.0778382778059,5.35605115567649,2.9013499263526086,105.94463810508859,5.382365414777765
1779786703000523500,82.0335234375,-19.038214715197682,2.44736059372326,20.795391208470225,20.992240886749926,8.602192847058177,268.9730654396624,5.435779124187549,2.8362774251568186,105.94458338788307,5.256217621295492
1779786704000529700,83.03352978515625,-19.077339596115053,2.2935996724947367,19.49412411931798,20.992240791057686,8.563067966140807,260.8068542480469,5.5939570072523415,2.7013107446636577,105.94451504596266,5.7944899947331905
1779786705000531200,84.03353125,-19.25255953427404,2.774261050120989,20.002037404605876,20.992241487860912,8.387848027981818,301.2295227050781,6.080888580877924,2.490062583495503,105.9444405773672,6.256969008738378
1779786706000538400,85.03353833007813,-19.685822319239378,2.517766647051144,17.3366258961924,20.992248834254,7.954585243016481,301.2295227050781,5.917055786385357,2.4636148825598196,105.94438573237609,6.510551484310465
1779786707000544300,86.03354418945312,-19.878028539940715,2.055489396013429,15.697249590836542,20.992286316747055,7.7623790223151445,301.2295227050781,5.785809719886034,2.479891034458737,105.94434741635416,6.562288253762412
1779786708000550100,87.03355004882812,-19.965075375512242,2.5066614366325317,18.981830023485912,20.992321727369127,7.675332186743617,301.2295227050781,6.218073088935864,2.3299818008615425,105.94428522825969,6.724330365132519
1779786709000557000,88.03355712890625,-20.099409956485033,2.0102179316979654,16.25956956494961,20.992356851659263,7.540997605770826,301.148681640625,6.082600413900643,2.375721415283501,105.9442234828073,6.904620702056015
1779786710000566300,89.03356616210938,-20.116988902911544,1.8676755534715157,12.5792208604261,20.99239199384622,7.5234186593443155,301.148681640625,4.777526141975759,3.316591774024511,105.94416156930136,7.058222608476822
1779786711000568800,90.03356884765626,-20.08237119205296,1.860044337267012,12.76741056506629,20.992427237721472,7.558036370202899,301.148681640625,4.783258562162392,3.308318993127628,105.94409947665012,7.186792187079554
1779786712000576000,91.03357592773438,-20.039200983010232,1.6810235953810322,13.064719707864226,20.992453681762054,7.601206579245627,301.148681640625,4.788083685733135,3.3013317996234552,105.94405288754017,6.543061609449854
1779786713000581400,92.03358129882812,-19.923219582997262,2.0218825880243982,15.569396079145704,20.992483718434745,7.717187979258597,301.2341613769531,4.79978643877687,3.2842940146890762,105.94399999040266,6.430139540628266
1779786714000590300,93.03359033203125,-19.732139418832958,2.0556122133627834,15.118758287175213,20.992514986317527,7.908268143422902,301.2341613769531,4.8121523575473555,3.2661486066222194,105.94394508785014,6.505460952583412
1779786715000594200,94.03359423828125,-19.46585677843541,2.040843901332469,14.053117626965653,20.992550963269533,8.17455078382045,301.2341613769531,4.832299028413064,3.236266851294403,105.94388191675255,6.9576536231709705
1779786716000603100,95.03360302734374,-19.20082419924438,2.3398477993559297,14.77960696052087,20.992588309090213,8.43958336301148,301.25030517578125,4.858899677470697,3.1961900689827556,105.94381637753958,7.328019329173551
1779786717000606500,96.0336064453125,-19.042076063342392,2.212437895189281,14.211079154798846,20.992623062595012,8.598331498913467,300.2325439453125,4.880197159404876,3.163575938416118,105.9437548314692,7.2922110913203735
1779786718000613000,97.03361303710938,-18.969118752516806,2.241562477707887,14.387020883699039,20.99265793018745,8.671288809739053,301.37042236328125,4.901982029048743,3.129713919781167,105.94369284365195,7.290241838720507
1779786719000618500,98.03361840820313,-18.982704719528556,2.2847815578101787,13.996676723110555,20.99269880011991,8.657702842727304,301.37042236328125,4.932220222053882,3.105089048791038,105.94362146444998,7.613893745110094
1779786720000624600,99.03362475585938,-19.102729054167867,2.285175479471667,13.986712194855947,20.99273851929776,8.537678508087993,301.37042236328125,5.032470706565584,3.0820972406238543,105.94355209502767,7.804310999563977
1779786721000633000,100.03363305664062,-19.281548558734357,2.0248410344508687,12.330687054191966,20.992778617393363,8.358859003521502,301.37042236328125,4.9509733753874885,3.0710301571209797,105.94348206383042,7.896875841653207
1779786722000637000,101.03363696289063,-19.470737707801163,2.039782791458047,12.069378462649183,20.992815352791634,8.169669854454696,301.37042236328125,4.970848602854801,3.051984663565095,105.9434179055736,7.871889901045088
1779786723000642800,102.03364282226562,-19.658919694833457,1.8401393746948025,10.880901715189214,20.99284982324521,7.981487867422402,300.3188781738281,4.951372333152844,3.050975098436138,105.94335646688059,8.045437747787387
1779786724000650800,103.03365063476562,-19.788668158464134,2.0505755193950272,12.391531212965242,20.992885734008166,7.851739403791726,301.0928649902344,4.96575449794404,3.027510412688512,105.94329096183932,7.921551237375557
1779786725000655400,104.0336552734375,-19.7934012664482,2.0151984053939422,13.363414433120754,20.99292398689205,7.84700629580766,301.0928649902344,4.9683011809862165,3.0233293581414187,105.94322341930948,7.249568577136601
1779786726000662300,105.03366235351562,-19.783386391587555,1.8217621156838508,16.184117851495284,20.99295685361232,7.857021170668304,301.0928649902344,5.027779685684653,2.9328357701958976,105.94316538704985,6.873203192210008
1779786727000668400,106.03366845703125,-19.74439836014062,2.1816518920575048,21.280801275576632,20.992980076486337,7.896009202115238,301.0928649902344,5.686855652860996,2.603727986927996,105.94310006796191,6.844787680384319
1779786728000675300,107.03367529296875,-19.720669807866216,1.5685226997665322,23.289551143480377,20.993019941078277,7.919737754389644,301.0928649902344,6.867433078125376,2.071022369273933,105.94304818142659,6.9137967502386495
1779786729000680000,108.03367993164062,-19.757519270293415,1.5300895600958861,21.373449660949753,20.993061565841888,7.882888291962445,301.0928649902344,7.44275269770775,1.6671048882449977,105.94298408542627,7.172815775832984
1779786730000686600,109.0336865234375,-19.8117467276752,1.9192848752201077,23.237986134765595,20.99310162453126,7.82866083458066,301.0928649902344,8.964358616652342,1.4492590202902795,105.94293209515503,7.168328026736256
1779786731000692500,110.0336923828125,-19.898792266845703,2.23120939515474,17.744144255293975,20.99315966871198,7.741615295410156,295.57940673828125,7.2925482525638134,2.0055841322198713,105.94287977008429,7.729804593802365
1779786732000698000,111.03369799804688,-19.901850345544517,1.9726381782595148,15.185629586227561,20.993188582808635,7.738557216711342,301.6638488769531,6.73057830999805,2.3070881565536308,105.94279593545441,8.350073157226353
1779786733000706600,112.03370654296874,-19.783485249616206,1.6828683333747976,13.587789916721198,20.993232247421492,7.856922312639654,301.6638488769531,6.261760008080498,2.4803709226086106,105.94272054674036,8.857019660060404
1779786734000711400,113.03371142578125,-19.542412440292537,1.9154619411162532,15.262203920134448,20.993276294541356,8.097995121963322,301.854248046875,6.527220556220782,2.393757173342236,105.94264472856408,9.051702082844537
1779786735000717000,114.03371704101562,-19.267690430395305,2.1763636400809383,17.44269100350773,20.993324728543566,8.372717131860554,301.37261962890625,7.768234376369364,1.7820120247737155,105.94256078117738,9.406557346236053
1779786736000723700,115.0337236328125,-19.106188014149666,2.3008747009552377,14.92531149500429,20.99337016677981,8.534219548106194,301.7572937011719,8.251400207908782,1.4483002362301924,105.94248175006007,9.656473290043136
1779786737000730600,116.03373071289063,-19.005173191428185,1.9722035191252945,10.435219373421576,20.993411987068452,8.635234370827675,301.7572937011719,7.351717278979774,1.9408851535803069,105.94240992638932,9.460663650503243
1779786738000735700,117.03373583984374,-19.156809005886316,1.8020182149161053,9.398397442764502,20.993459084392263,8.483598556369543,301.4575500488281,7.244968564894865,1.912234317672002,105.94232843968197,9.559617893610334
1779786739000742400,118.03374243164062,-19.26073893532157,1.9855343845909075,10.388247957346351,20.99352044910895,8.37966862693429,301.4575500488281,7.151093099353095,1.9140346430053692,105.94225554903842,9.540539419275978
1779786740000748500,119.03374853515625,-19.318513435311615,1.8067737687664043,9.592138652022433,20.993564114175946,8.321894126944244,301.4575500488281,6.966622888382406,1.93726219840505,105.94217381488015,9.38450580157364
1779786741000754700,120.03375463867188,-19.281613330356777,2.057432961903281,10.583729168297836,20.993605558410948,8.358794231899083,301.4283142089844,6.885303177452839,1.9462880977059482,105.942094173717,9.587928725872034
1779786742000761600,121.03376171875,-19.30319837294519,1.9804235530988066,9.96625296209109,20.99365605263246,8.33720918931067,301.4283142089844,6.800708290625075,1.9527734647246813,105.94201130543074,9.622721933165485
1779786743000767200,122.03376733398437,-19.397558216936886,2.195061186954595,10.778227537177699,20.99370269172979,8.242849345318973,301.4283142089844,6.862999883856502,1.9465071796502198,105.94192858647602,9.85357500838249
1779786744000773600,123.03377368164062,-19.6216681310907,2.4401794651250173,11.258746307038816,20.99374484753012,8.018739431165159,301.4283142089844,6.876548373593114,1.9939189470221752,105.9418389323374,10.17425733143012
1779786745000968000,124.03396801757812,-19.662529435008764,2.1471824100964825,9.938963191090787,20.99378287100504,7.977878127247095,301.4283142089844,6.780575921325881,2.0270813408923387,105.9417556442252,9.928283245570409
1779786746000951800,125.03395190429687,-19.73469778522849,1.7668085977760488,8.280731061351302,20.993833642292177,7.9057097770273685,301.4283142089844,6.590900901250637,2.086056092326318,105.94166226201469,10.30508201155271
1779786747000929300,126.03392919921875,-19.795441201888025,2.0610368206385927,9.629592973726867,20.99388286954383,7.844966360367835,301.5053405761719,6.559730235728124,2.124090218187782,105.94157786068524,10.24625653260625
1779786748000904200,127.033904296875,-20.02220027707517,2.060329322797663,9.55839538142605,20.993930239771792,7.618207285180688,301.5053405761719,5.928919978069102,2.4154694454929926,105.94149258750454,10.310739780477991
1779786749000875000,128.033875,-20.217739759013057,2.2139409631933766,10.134390851574045,20.99398512615433,7.422667803242803,301.73284912109375,5.512645734629299,2.597295046689842,105.94141177117451,10.273815291653285
1779786750000840000,129.03383984375,-20.4499019831419,2.31225024596093,10.646776222739822,20.994041220658676,7.19050557911396,301.73284912109375,5.303937100754709,2.7144625412287398,105.9413351663208,10.338092662218976
1779786751000806400,130.03380639648438,-20.51382462400943,2.0044239990195054,9.321645397476626,20.994094863392775,7.126582938246429,301.3941955566406,5.174505623918074,2.792409311994887,105.94125409350293,10.367176935059454
1779786752000777500,131.03377758789063,-20.45517656672746,1.7850936929431132,10.382538270639174,20.994124974905223,7.1852309955284,301.3941955566406,5.0906941011899525,2.851319949853628,105.9411707831384,9.774855064423885
1779786753000744000,132.03374389648437,-20.361811017617583,1.718051415644964,11.186390822844654,20.994166501019304,7.278596544638276,301.67706298828125,5.137646468452038,2.7964103213455966,105.94109907931916,9.538263230666475
1779786754000713500,133.03371337890624,-20.298220152966678,1.9385778380832974,15.492436146402765,20.994196118992388,7.342187409289181,301.71527099609375,5.3024935204587225,2.701590286608578,105.94104803023342,7.889742978575535
1779786755000687000,134.03368701171874,-20.227929406799376,1.7734089773570099,18.691273209776337,20.994222044113933,7.412478155456483,301.71527099609375,5.446199832352906,2.6382570632943216,105.94100335925911,6.554635578717444
1779786756000659700,135.03365966796875,-20.101855848915875,1.8286097219826338,18.698252620993372,20.994245005405862,7.538551713339984,301.71527099609375,5.211514417510609,2.6998948569203285,105.94096379518801,5.59679139947777
1779786757000635600,136.0336357421875,-20.022870933637023,2.1107407227425163,19.74388610179734,20.994272495806776,7.617536628618836,301.71527099609375,5.223147666813986,2.689452512772567,105.94091642717528,5.5900877781988045
1779786758000609500,137.03360961914063,-20.083311690948904,2.170226823720154,18.15006692061538,20.994316590513,7.557095871306956,325.8470458984375,5.08996640662787,2.813677133608014,105.94086704374055,6.114675223623558
1779786759000582700,138.0335827636719,-20.241344215348363,2.1234101143199076,17.88238515797513,20.99435236775748,7.3990633469074965,301.56097412109375,5.0836485111967455,2.825076078160719,105.94080874117681,6.471365908111118
1779786760000559400,139.03355932617188,-20.375042414292693,1.871725576136806,14.552143246567724,20.99437900193695,7.265365147963166,301.56097412109375,5.058209191852982,2.8703757252741036,105.94074728933695,6.848265826643022
1779786761000537000,140.033537109375,-20.47894805110991,1.7395553376220518,14.650417266266045,20.9944150312508,7.161459511145949,301.56097412109375,5.072158185429323,2.8456542964265967,105.94067934893522,7.25561678767175
1779786762000517000,141.03351708984374,-20.63474556989968,1.770085793271471,13.514828118125584,20.99444875704993,7.005661992356181,301.2965087890625,5.087838175100428,2.8175236887699056,105.9406144155109,7.294132870280169
1779786763000497200,142.0334970703125,-20.765645655803382,2.0193519465359517,15.213165699301262,20.99448578152452,6.874761906452477,301.2965087890625,5.105767118121456,2.7849020033564127,105.94056118631889,7.03491662926118
1779786764000479700,143.03347973632813,-20.803301395848393,1.899719657808753,15.43307201847862,20.994513402891744,6.837106166407466,301.2965087890625,5.129361267404278,2.7412022948410097,105.94050528802404,6.873797570746976
1779786765000465200,144.03346508789062,-20.746546298265457,2.084679136110298,16.760591208055846,20.994538688026214,6.893861263990402,301.2406921386719,5.1429910131091,2.7155442312486584,105.94045352397033,6.261706346667074
1779786766000449500,145.03344946289062,-20.66661104839295,2.3094902776825776,21.518088268647197,20.99455543694174,6.973796513862908,301.2406921386719,5.231940337749604,2.729178759599354,105.9404221739506,4.9559286790476405
1779786767000435500,146.033435546875,-20.567155797034502,1.8765303966849263,41.30883996799727,20.994549559115907,7.073251765221357,301.2406921386719,5.101107773408492,2.793427378125355,105.94043415681745,2.240275525008085
1779786768000421000,147.03342114257813,-20.493030920624733,1.8413718908144914,44.79644506813316,20.994563807532067,7.147376641631126,301.2406921386719,5.058430840183752,2.8699850988928044,105.94041603960912,2.0136691853455853
1779786769000408600,148.03340869140624,-20.39426879491657,1.8582645065490861,41.74945704530036,20.994567218243986,7.246138767339289,301.2104797363281,5.028885676329427,2.92144585559917,105.94039810617048,2.178793031945188
1779786770000394200,149.0333942871094,-20.27438056655228,1.8065015393774422,29.32784935330656,20.99458848848211,7.366026995703578,301.2104797363281,5.004347714454739,2.9632821306147115,105.94037185479222,3.055883442602614
1779786771000383000,150.03338305664062,-20.19798446353525,2.2697355453304358,30.340721174805882,20.994603148955118,7.44242309872061,301.2104797363281,5.013128513018735,2.948402880331553,105.94033916339494,3.493808052443697
1779786772000373200,151.03337329101564,-20.103143696673214,2.1680835758659325,22.22076314712629,20.99462637603452,7.537263865582645,301.2104797363281,5.017748631217188,2.940533235096463,105.94029262231905,4.475112880826763
1779786773000362800,152.03336279296875,-19.90492973383516,2.1374499132405123,18.067765520026715,20.99465439791391,7.735477828420699,301.2104797363281,5.022981977257544,2.9315847401933883,105.94023768276966,5.442892499283656
1779786774000354300,153.03335424804686,-19.716462194919586,2.223187024111264,16.920143139084757,20.994684980718404,7.923945367336273,301.2104797363281,5.025452672662503,2.92734734317917,105.9401795962341,6.1545964151535495
1779786775000345600,154.033345703125,-19.700221417471766,2.3319113008823344,16.9861930477292,20.994713204015106,7.940186144784093,301.2104797363281,5.020442935575079,2.9359308172065504,105.94012542289721,6.508445977554152
1779786776000337700,155.03333764648437,-19.69546391721815,2.092916490491773,14.35698464581738,20.994750076774828,7.944943645037711,301.34228515625,5.014856501749401,2.9454628328414856,105.9400647511552,6.92163399346711
1779786777000331500,156.03333154296874,-19.658109166659415,2.039783470524672,13.13680768502203,20.994785510464972,7.982298395596445,301.34228515625,5.008965250466666,2.955470208343547,105.93999457239639,7.669108893527188
1779786778000324600,157.03332470703126,-19.635248463600874,2.3066389441904236,14.178386738218116,20.99482323148209,8.005159098654985,301.280517578125,5.02088511254958,2.9558508484512998,105.93993391193268,7.545355915145513
1779786779000318500,158.033318359375,-19.677362594753504,2.201148206241187,13.51373345886538,20.99486029741677,7.963044967502356,302.19464111328125,5.004180195047296,2.963565016713019,105.93986915099008,7.669744073403136
1779786780000312600,159.0333125,-19.731076047755778,2.0932534420556634,13.564104525960943,20.994892032912784,7.9093315145000815,301.264404296875,4.9963504397197465,2.9767464313073644,105.939807774491,7.350310789203071
1779786781000307000,160.03330688476564,-19.760054675862193,2.2333056465207197,15.67926718161784,20.994922637460572,7.880352886393666,301.264404296875,4.995516564437979,2.978145612157774,105.93975339189036,6.8335042874685605
1779786782000301800,161.0333017578125,-19.7689608912915,2.191127623994845,15.987179966344053,20.99495429467708,7.87144667096436,301.264404296875,4.989897638840425,2.9875505998532623,105.93970022192923,6.446413210641266
1779786783000297700,162.03329760742187,-19.846468778327107,1.7851939783158548,14.631467754092084,20.994981323925092,7.793938783928752,301.3197326660156,4.975182167592989,3.011992601593431,105.93964939724303,6.364415509251698
1779786784000293000,163.0332932128906,-20.128678822889924,1.776378453832385,15.605866576901235,20.995005539004758,7.511728739365935,301.3197326660156,4.964301498769138,3.029892351570817,105.93959682338871,5.982702121680685
1779786785000289800,164.03328979492187,-20.312023093923926,2.1199935610510794,20.667654556791057,20.99503321132013,7.328384468331933,301.3197326660156,5.034853207106608,2.911149294638998,105.9395494989284,5.90506024613794
1779786786000285700,165.03328564453125,-20.39266311749816,1.99739728320611,21.356910384959402,20.995060664542603,7.2477444447577,302.9565734863281,5.277983111606722,2.7293178475724416,105.9395010021811,5.899033673836843
1779786787000285700,166.03328564453125,-20.537776744924486,2.0026134649342273,20.88516133164064,20.99508231517621,7.102630817331374,300.8160095214844,5.604781263342808,2.4966191319290814,105.93945100771461,5.724843454800244
1779786788000279800,167.03327978515625,-20.629097909666598,2.008066105088023,21.31301618659647,20.995131848926043,7.0113096525892615,300.8160095214844,5.388524714549689,2.617440043693177,105.9394143499564,5.950516214165557
1779786789000276200,168.03327612304687,-20.626879173330963,1.8729869493186095,19.333092925045293,20.995169752930483,7.013528388924897,300.8160095214844,5.138124585905172,2.724740863367679,105.93937926727163,5.762920273727317
1779786790000274200,169.03327416992187,-20.667528959922493,1.7010168005083246,17.332158532013317,20.995230189279297,6.972878602333367,317.12286376953125,5.09356732258628,2.807153177699799,105.93935418230282,5.9037431940135825
1779786791000274000,170.03327392578126,-20.60505939461291,2.1980698791992666,21.223448775855033,20.995233576888555,7.035348167642951,288.3343505859375,5.134785686377032,2.7758116026585546,105.93927652140596,5.892470889375436
1779786792000272000,171.03327197265625,-20.58064334653318,2.2816024698446524,16.538572959780705,20.995246733797565,7.05976421572268,301.35430908203125,5.193254572876626,2.785398858945137,105.93920225702018,6.962176733116763
1779786793000267500,172.033267578125,-20.59364219661802,1.6656707685816114,13.963798919909273,20.995274696078084,7.046765365637839,301.35430908203125,5.005798670205568,2.960830408205948,105.93915519975229,6.241986794546526
1779786794000266000,173.03326586914062,-20.707703926600516,2.246570781896027,16.561469149908785,20.99530911830005,6.9327036356553435,301.5008850097656,5.040078873442788,2.902092690157314,105.93908177461843,7.216295916102986
1779786795000264000,174.0332639160156,-20.823376308195293,2.140647672868549,14.463820444538946,20.99535655016409,6.817031254060566,301.2137145996094,5.068367238407542,2.8524008430488768,105.9390063526497,8.238097018747364
1779786796000262700,175.0332626953125,-20.869997058063745,1.9294857633672462,10.38416326680163,20.995407635748624,6.770410504192114,301.2137145996094,5.0091739137881275,2.955116534794081,105.93891136695395,9.316596712038404
1779786797000266800,176.03326684570314,-20.730019377544522,1.7310827723004227,8.298398366533952,20.99545964983883,6.910388184711337,301.54034423828125,4.975191303028184,3.0119775117124554,105.93882225121132,10.158935597957212
1779786798000261400,177.03326147460936,-20.572340248152614,1.918607176191861,8.96586736623535,20.995518414725748,7.068067314103246,301.54034423828125,4.957871956743788,3.0404017322259165,105.93872373091548,10.822774601110016
1779786799000259800,178.033259765625,-20.377442152239382,1.8639954753971961,8.183485448519104,20.995574836933017,7.262965410016477,301.43359375,4.94582333350343,3.0599621871130775,105.93862004491525,11.496032306309994
1779786800000258600,179.03325854492186,-20.1397711802274,1.9728401637266268,8.308961709909752,20.99563473613528,7.5006363820284605,301.43359375,4.936829276448311,3.0744517768200046,105.93852244496898,11.847580081817386
1779786801000258800,180.0332587890625,-20.19391057267785,1.9094106872068224,8.296363612253955,20.995698582634784,7.446496989578009,304.6665954589844,4.933594962793798,3.0796392282026317,105.93842638919669,11.6963301848845
1779786802000259800,181.033259765625,-20.326156207360327,1.7150942378062362,7.671532883124976,20.99576525508205,7.314251354895532,304.6665954589844,4.91352608305481,3.111558847897447,105.93833870403945,11.348048420176411
1779786803000256500,182.03325659179689,-20.494308676570654,1.826612392743382,8.837978147643861,20.995826427727458,7.1460988856852055,304.6665954589844,4.905742376171788,3.1238163792741114,105.93825392317972,11.062218040434514
1779786804000256000,183.0332561035156,-20.59311265219003,1.8358820807639453,9.2551726669077,20.99586908885856,7.04729491006583,304.416748046875,4.90958432956927,3.11777464606355,105.9381684694533,10.461648800161813
1779786805000256000,184.0332561035156,-20.83770895935595,2.2636880063700255,9.834885878259334,20.995927096987753,6.802698602899909,304.416748046875,4.92078408794646,3.1000679012888996,105.93810175729229,9.890160209531773
1779786806000259300,185.03325927734375,-20.89960330631584,1.8907895363275196,10.327572184966469,20.99596314231347,6.74080425594002,312.1295471191406,4.912388874827994,3.1133539110186286,105.93802822673192,9.402095961368701
1779786807000256000,186.0332561035156,-20.611335638910532,1.9854545360119489,11.348540123686808,20.99601350296965,7.029071923345327,312.1295471191406,4.926657811358287,3.0907248086122476,105.93795681241998,9.279316469603865
1779786808000255200,187.03325512695312,-20.65904533583671,1.7991702734998194,10.758039817143892,20.99606379535742,6.981362226419151,312.1295471191406,4.920883770366854,3.099909668253082,105.9378777495196,9.440640163190547
1779786809000255200,188.03325512695312,-20.639350661076605,1.8553762135775125,12.134487037972786,20.996131833692928,7.001056901179254,312.1295471191406,4.9490431905801255,3.0547517952464367,105.93782238948496,9.442196383539331
1779786810000258300,189.03325830078126,-20.326420329511166,2.6233929704401895,12.719684326038822,20.99618875099447,7.313987232744694,312.1305236816406,4.980301780050198,3.0035198038996964,105.93774311742195,9.776818050332754
1779786811000254700,190.03325463867188,-20.476845344528556,2.879030695070716,12.663318157580946,20.99625951158414,7.1635622177273035,312.1305236816406,5.014196745385649,2.9465858262322513,105.93766452658811,10.504944539714153
1779786812000257500,191.03325756835937,-20.424610908143222,3.4367240200831537,14.558254152956973,20.996323661911795,7.215796654112637,312.1305236816406,5.828777530334632,2.871046641300021,105.93758918492945,10.526220966011275
1779786813000257500,192.03325756835937,-20.492928566411138,3.4202446749934534,13.943881975754321,20.996396252786756,7.147478995844722,312.1305236816406,6.708763339123618,2.8642981859080425,105.93750325845947,10.949280851758026
1779786814000256000,193.0332561035156,-20.4905055295676,3.041091933299654,12.261469640945696,20.996473631000967,7.14990203268826,312.1305236816406,6.953203012516185,2.8588025226503953,105.93741240415234,11.331809003609521
1779786815000256000,194.0332561035156,-20.50598704162985,2.83784231427562,11.847369095959522,20.996539681106007,7.1344205206260085,312.1305236816406,7.1241871015495075,2.8604765773075194,105.93733453436603,11.11902307099531
1779786816000256000,195.0332561035156,-20.37649320345372,2.3506933308455054,11.734998476136614,20.996585557939998,7.26391435880214,312.6410827636719,6.327765699827055,2.870381022707706,105.93728454388395,9.785655530323266
1779786817000256300,196.03325634765625,-20.620562309399247,2.423543461847038,11.114476056071808,20.99666257618676,7.019845252856612,312.6410827636719,5.753902715724932,2.8793886993696893,105.93719947696131,10.554813342578404
1779786818000256000,197.0332561035156,-20.6054164217785,2.4810286064250593,11.109427917614255,20.9967285816775,7.034991140477359,312.6410827636719,5.713930881900686,2.8840514279008818,105.93712324674998,10.734206503163065
1779786819000257300,198.03325732421874,-20.531347229145467,2.7763252925059807,11.754885038855804,20.99679967329125,7.109060333110392,312.6410827636719,6.064367223845571,2.878315431405811,105.93704126095811,11.005737919433534
1779786820000258300,199.03325830078126,-20.57466563489288,2.6178145462625797,11.061340805379919,20.996870377040082,7.0657419273629785,312.6410827636719,5.93050450721968,2.882169294792326,105.93696276809172,10.94056054821052
1779786821000258000,200.03325805664062,-20.64976681023836,2.604681246195315,10.565181885441703,20.996949498039708,6.990640752017498,312.6410827636719,5.649196223066902,2.886312302921095,105.93687573480322,11.139000975177371
1779786822000258800,201.0332587890625,-20.73190267663449,2.6960528752422364,10.368056577954725,20.997017792717035,6.908504885621369,313.5972595214844,5.795190540365289,2.8852643708707917,105.93679677408949,11.074611477963773
1779786823000258800,202.0332587890625,-20.837286409921944,2.748524999964978,13.027354919873376,20.997085464016116,6.803121152333915,313.5972595214844,6.223721234581672,2.849592187343071,105.9367231892662,10.993399439975784
1779786824000259300,203.03325927734375,-20.752880377694964,2.6035451672706955,13.885888972593243,20.99715921020341,6.887527184560895,313.5972595214844,6.757470199687259,2.7130818322193893,105.93663880724544,11.061738045159133
1779786825000259800,204.033259765625,-20.80413179192692,2.2953587668888753,12.760038597803531,20.99723653980063,6.836275770328939,313.5972595214844,7.0044326612320225,2.570686752303247,105.93656423938653,11.360652154848905
1779786826000261400,205.03326147460936,-20.74293163791299,2.336621460790037,10.08190872208004,20.99731041264364,6.897475924342871,313.5972595214844,6.276323852937851,2.7101656232637596,105.93648295753073,11.370070919216294
1779786827000261600,206.03326171875,-20.583488716743886,2.363733944275951,10.095888186817579,20.997389655416264,7.056918845511973,313.63873291015625,5.965966483205274,2.7441266375690603,105.93639657593926,11.43617848818914
1779786828000262100,207.03326220703124,-20.65130363497883,2.476328198143869,10.482497245950421,20.997464721393733,6.989103927277029,313.63873291015625,5.751513072342004,2.763923907940842,105.93631425651947,11.39124127772527
1779786829000263700,208.033263671875,-20.6771783484146,1.7325327079442365,9.72393533429673,20.997545051739298,6.9632292138412595,313.63873291015625,6.603985957413358,2.3841655797684806,105.9362425852444,11.250644679914828
1779786830000264400,209.0332644042969,-20.686080106534064,1.6601276251008532,9.870026545365917,20.997603853494585,6.954327455721796,318.15087890625,6.3651181273768564,2.397641633804104,105.93617022887902,10.835038415566794
1779786831000264700,210.0332646484375,-20.888160906732082,1.3106037813830267,9.190497995298736,20.997679332589247,6.752246655523777,318.64752197265625,5.890238968421756,2.4675445875889506,105.93610817662751,10.519626530236685
1779786832000265500,211.03326538085938,-20.757469651289284,1.5510588404024286,9.669657330623364,20.99774637406471,6.882937910966575,318.64752197265625,6.063075041790871,2.477942250828638,105.93604544687868,10.304805862025887
1779786833000266000,212.03326586914062,-20.74765260424465,1.5529612159756292,9.829842949905327,20.997803075521542,6.89275495801121,318.64752197265625,5.7213635177103015,2.603734723870156,105.93599863546075,9.662426703846641
1779786834000266000,213.03326586914062,-20.61041658371687,1.0928329026896215,9.425094537204835,20.997844372025636,7.02999097853899,318.64752197265625,5.40611363440121,2.667113241154983,105.93594458688136,8.761737026589069
1779786835000267000,214.03326708984375,-20.44767001271248,1.2317455308821692,9.014070082006128,20.99790429638451,7.192737549543381,325.3638916015625,5.139671101221944,2.731544551288433,105.93590096588896,8.209904950326752
1779786836000267500,215.033267578125,-20.472533595748246,1.1935324471176925,10.694345784658909,20.997949111542038,7.167873966507614,325.6517333984375,5.107985752737022,2.780830556259124,105.93586586903965,7.183004763117629
1779786837000268500,216.0332685546875,-20.358905624598265,1.162199900474136,13.575873691611587,20.99798250178266,7.281501937657595,325.6517333984375,5.1775019945426575,2.6973481328283526,105.93583401133999,6.073226866275414
1779786838000270300,217.03327026367188,-20.42201293911785,1.3090261963573209,15.415588656736787,20.99802187775348,7.2183946231380105,325.6517333984375,5.112374993533209,2.7727529565911855,105.9358200789342,5.045230040335456
1779786839000269800,218.03326977539064,-20.013726899400353,1.3761983560342592,16.983113787073354,20.998046870601332,7.626680662855506,325.6517333984375,5.054220711853554,2.877392922188312,105.93581277235396,3.931851280564043
1779786840000270800,219.03327075195313,-19.875860466621816,1.3708556934434486,25.79179050470965,20.99804882410714,7.764547095634043,325.6517333984375,5.0392682914751745,2.903499977496421,105.93579265560415,2.7950028064147214
1779786841000272000,220.03327197265625,-19.821965004317462,1.5799435533515807,30.911604111868307,20.99806645122732,7.818442557938397,325.6517333984375,5.069741679132252,2.8499572522510084,105.93577819758801,2.784643951884784
1779786842000273200,221.03327319335938,-20.12959404475987,1.7786764547635214,31.93804627872903,20.99809138226268,7.51081351749599,325.6517333984375,5.173564705070065,2.7944870319416224,105.9357708899156,2.9180945620083123
1779786843000274700,222.0332746582031,-19.977810711599886,1.5786665066780006,30.587832338905248,20.998115750894236,7.662596850655973,325.6517333984375,5.236108326174182,2.7602519344952863,105.93575636815432,2.9810452808218386
1779786844000275000,223.03327490234375,-20.046677893027663,1.3964390862571325,27.24035531375589,20.99813757730513,7.593729669228196,325.6517333984375,5.078326458636667,2.8346317948367825,105.9357438510513,2.9519072173428804
1779786845000275000,224.03327490234375,-19.912923039868474,1.426542917214056,30.66334807070368,20.998152789842568,7.727484522387385,325.6517333984375,5.216296860247037,2.76176981423245,105.9357232214263,2.8920017672339275
1779786846000276000,225.03327587890624,-19.90288444980979,1.361404593798786,31.88406361335848,20.99816598100081,7.73752311244607,334.5923156738281,5.347888687539356,2.698963706360842,105.93569992296219,2.7968215857454664
1779786847000277000,226.03327709960936,-19.964580228552222,1.581564665350175,40.84857564820499,20.998192572366918,7.675827333703637,334.5923156738281,5.356225114166849,2.671929734132722,105.93571001512433,2.0766964671559935
